<keymap version="1" name="dwatson" parent="$default">
  <action id="AddToFavoritesPopup" />
  <action id="Annotate">
    <keyboard-shortcut first-keystroke="ctrl alt g" second-keystroke="a" />
  </action>
  <action id="CodeInspection.OnEditor" />
  <action id="Compare.LastVersion">
    <keyboard-shortcut first-keystroke="ctrl alt g" second-keystroke="l" />
  </action>
  <action id="CompareClipboardWithSelection">
    <keyboard-shortcut first-keystroke="shift ctrl c" />
  </action>
  <action id="CopyPaths" />
  <action id="Debug">
    <keyboard-shortcut first-keystroke="shift f9" />
    <keyboard-shortcut first-keystroke="f11" />
  </action>
  <action id="EditorDeleteLine">
    <keyboard-shortcut first-keystroke="ctrl d" />
  </action>
  <action id="EditorDuplicate">
    <keyboard-shortcut first-keystroke="shift ctrl down" />
  </action>
  <action id="ExtractMethod">
    <keyboard-shortcut first-keystroke="shift alt m" />
  </action>
  <action id="FindInPath">
    <keyboard-shortcut first-keystroke="shift ctrl g" />
  </action>
  <action id="FindNext">
    <keyboard-shortcut first-keystroke="f3" />
  </action>
  <action id="FindUsages">
    <keyboard-shortcut first-keystroke="alt f7" />
    <keyboard-shortcut first-keystroke="shift alt s" />
  </action>
  <action id="Git.ResolveConflicts">
    <keyboard-shortcut first-keystroke="ctrl alt g" second-keystroke="m" />
  </action>
  <action id="Git.Revert">
    <keyboard-shortcut first-keystroke="ctrl alt g" second-keystroke="r" />
  </action>
  <action id="GotoFile">
    <keyboard-shortcut first-keystroke="shift ctrl n" />
    <keyboard-shortcut first-keystroke="shift ctrl r" />
  </action>
  <action id="GuiDesigner.Duplicate">
    <keyboard-shortcut first-keystroke="shift ctrl down" />
  </action>
  <action id="HighlightUsagesInFile">
    <keyboard-shortcut first-keystroke="shift ctrl f7" />
    <keyboard-shortcut first-keystroke="alt a" />
  </action>
  <action id="Images.ShowThumbnails" />
  <action id="Inline">
    <keyboard-shortcut first-keystroke="ctrl alt n" />
    <keyboard-shortcut first-keystroke="shift alt i" />
  </action>
  <action id="IntroduceConstant">
    <keyboard-shortcut first-keystroke="shift alt c" />
  </action>
  <action id="IntroduceField">
    <keyboard-shortcut first-keystroke="shift alt f" />
  </action>
  <action id="IntroduceVariable">
    <keyboard-shortcut first-keystroke="ctrl alt v" />
    <keyboard-shortcut first-keystroke="shift alt l" />
  </action>
  <action id="LineDownMover">
    <keyboard-shortcut first-keystroke="shift ctrl k" />
    <keyboard-shortcut first-keystroke="alt down" />
  </action>
  <action id="LineUpMover">
    <keyboard-shortcut first-keystroke="shift ctrl i" />
    <keyboard-shortcut first-keystroke="alt up" />
  </action>
  <action id="Maven.Reimport">
    <keyboard-shortcut first-keystroke="shift ctrl alt m" />
  </action>
  <action id="MethodDown">
    <keyboard-shortcut first-keystroke="shift alt down" />
  </action>
  <action id="MethodUp">
    <keyboard-shortcut first-keystroke="shift alt up" />
  </action>
  <action id="ModMod.SynchMod" />
  <action id="MoveLineDown" />
  <action id="MoveLineUp" />
  <action id="MoveStatementDown" />
  <action id="MoveStatementUp" />
  <action id="Mvc.RunTarget" />
  <action id="OptimizeImports">
    <keyboard-shortcut first-keystroke="shift ctrl o" />
    <keyboard-shortcut first-keystroke="ctrl alt o" />
  </action>
  <action id="ProjectViewChangeView" />
  <action id="RecentChanges" />
  <action id="ReformatCode">
    <keyboard-shortcut first-keystroke="shift ctrl f" />
  </action>
  <action id="ReformatPlugin.OptimizeImports" />
  <action id="RenameElement">
    <keyboard-shortcut first-keystroke="shift f6" />
    <keyboard-shortcut first-keystroke="shift alt r" />
  </action>
  <action id="ReplaceInPath">
    <keyboard-shortcut first-keystroke="shift ctrl alt g" />
  </action>
  <action id="Run">
    <keyboard-shortcut first-keystroke="shift f10" />
    <keyboard-shortcut first-keystroke="ctrl f11" />
  </action>
  <action id="RunClass">
    <keyboard-shortcut first-keystroke="shift ctrl f10" />
    <keyboard-shortcut first-keystroke="ctrl alt r" />
    <keyboard-shortcut first-keystroke="shift ctrl f11" />
  </action>
  <action id="ShowSettings">
    <keyboard-shortcut first-keystroke="ctrl alt s" />
    <keyboard-shortcut first-keystroke="alt comma" />
  </action>
  <action id="ShowUsages">
    <keyboard-shortcut first-keystroke="ctrl alt f7" />
    <keyboard-shortcut first-keystroke="alt s" />
  </action>
  <action id="SurroundWith">
    <keyboard-shortcut first-keystroke="ctrl alt t" />
    <keyboard-shortcut first-keystroke="shift alt z" />
  </action>
  <action id="SwitchApply">
    <keyboard-shortcut first-keystroke="shift alt enter" />
  </action>
  <action id="SwitchDown">
    <keyboard-shortcut first-keystroke="shift alt down" />
  </action>
  <action id="SwitchLeft">
    <keyboard-shortcut first-keystroke="shift alt left" />
  </action>
  <action id="SwitchRight">
    <keyboard-shortcut first-keystroke="shift alt right" />
  </action>
  <action id="SwitchUp">
    <keyboard-shortcut first-keystroke="shift alt up" />
  </action>
  <action id="TestGestureAction" />
  <action id="ToggleBookmark" />
  <action id="ToggleBookmarkWithMnemonic" />
  <action id="Vcs.ShowDiffWithLocal">
    <keyboard-shortcut first-keystroke="ctrl l" />
  </action>
  <action id="Vcs.ShowTabbedFileHistory">
    <keyboard-shortcut first-keystroke="ctrl alt g" second-keystroke="h" />
  </action>
</keymap>