<keymap version="1" name="emacs.fixed" parent="Emacs">
  <action id="$Copy">
    <keyboard-shortcut first-keystroke="alt w" />
  </action>
  <action id="$Redo">
    <keyboard-shortcut first-keystroke="shift ctrl z" />
    <keyboard-shortcut first-keystroke="ctrl alt slash" />
  </action>
  <action id="$SelectAll">
    <keyboard-shortcut first-keystroke="ctrl x" second-keystroke="h" />
  </action>
  <action id="$Undo">
    <keyboard-shortcut first-keystroke="shift ctrl minus" />
    <keyboard-shortcut first-keystroke="ctrl slash" />
  </action>
  <action id="ActivateChangesToolWindow">
    <keyboard-shortcut first-keystroke="alt 9" />
  </action>
  <action id="ActivateCommanderToolWindow">
    <keyboard-shortcut first-keystroke="alt 2" />
  </action>
  <action id="ActivateDebugToolWindow">
    <keyboard-shortcut first-keystroke="alt 5" />
  </action>
  <action id="ActivateFindToolWindow">
    <keyboard-shortcut first-keystroke="alt 3" />
  </action>
  <action id="ActivateMessagesToolWindow">
    <keyboard-shortcut first-keystroke="alt 0" />
  </action>
  <action id="ActivateProjectToolWindow">
    <keyboard-shortcut first-keystroke="alt 1" />
  </action>
  <action id="ActivateRunToolWindow">
    <keyboard-shortcut first-keystroke="alt 4" />
  </action>
  <action id="ActivateStructureToolWindow">
    <keyboard-shortcut first-keystroke="alt 7" />
  </action>
  <action id="ActivateTODOToolWindow">
    <keyboard-shortcut first-keystroke="alt 6" />
  </action>
  <action id="AutoIndentLines">
    <keyboard-shortcut first-keystroke="ctrl alt q" />
  </action>
  <action id="Back">
    <keyboard-shortcut first-keystroke="ctrl alt b" />
  </action>
  <action id="CallHierarchy">
    <keyboard-shortcut first-keystroke="ctrl alt h" />
  </action>
  <action id="ChangesView.Commit">
    <keyboard-shortcut first-keystroke="ctrl alt g" />
  </action>
  <action id="ChangesView.Rollback">
    <keyboard-shortcut first-keystroke="ctrl c" second-keystroke="r" />
  </action>
  <action id="CheckinProject">
    <keyboard-shortcut first-keystroke="ctrl c" second-keystroke="k" />
  </action>
  <action id="ClassNameCompletion">
    <keyboard-shortcut first-keystroke="ctrl alt space" />
  </action>
  <action id="CloseAllEditorsButActive">
    <keyboard-shortcut first-keystroke="ctrl x" second-keystroke="1" />
  </action>
  <action id="CloseEditor">
    <keyboard-shortcut first-keystroke="ctrl f4" />
    <keyboard-shortcut first-keystroke="ctrl x" second-keystroke="k" />
    <keyboard-shortcut first-keystroke="ctrl x" second-keystroke="0" />
  </action>
  <action id="CloseWindow" />
  <action id="CodeCompletion">
    <keyboard-shortcut first-keystroke="alt slash" />
  </action>
  <action id="CommentByBlockComment">
    <keyboard-shortcut first-keystroke="shift ctrl divide" />
  </action>
  <action id="CommentByLineComment">
    <keyboard-shortcut first-keystroke="ctrl divide" />
  </action>
  <action id="CompileProject" />
  <action id="Diff.PrevChange">
    <keyboard-shortcut first-keystroke="ctrl x" second-keystroke="p" />
  </action>
  <action id="Editor Copy">
    <keyboard-shortcut first-keystroke="alt w" />
  </action>
  <action id="Editor Redo">
    <keyboard-shortcut first-keystroke="ctrl alt slash" />
  </action>
  <action id="Editor SelectAll">
    <keyboard-shortcut first-keystroke="ctrl x" second-keystroke="h" />
  </action>
  <action id="Editor Undo">
    <keyboard-shortcut first-keystroke="ctrl slash" />
  </action>
  <action id="EditorCodeBlockStart">
    <keyboard-shortcut first-keystroke="ctrl open_bracket" />
    <keyboard-shortcut first-keystroke="ctrl alt open_bracket" />
  </action>
  <action id="EditorCopy">
    <keyboard-shortcut first-keystroke="alt w" />
  </action>
  <action id="EditorDeleteLine" />
  <action id="EditorDeleteToWordEnd">
    <keyboard-shortcut first-keystroke="alt d" />
  </action>
  <action id="EditorDeleteToWordStart">
    <keyboard-shortcut first-keystroke="ctrl back_space" />
    <keyboard-shortcut first-keystroke="alt back_space" />
  </action>
  <action id="EditorDuplicate">
    <keyboard-shortcut first-keystroke="ctrl alt d" />
  </action>
  <action id="EditorEscape">
    <keyboard-shortcut first-keystroke="escape" />
    <keyboard-shortcut first-keystroke="ctrl g" />
  </action>
  <action id="EditorNextWord">
    <keyboard-shortcut first-keystroke="alt f" />
  </action>
  <action id="EditorPageUp">
    <keyboard-shortcut first-keystroke="alt v" />
  </action>
  <action id="EditorPreviousWord">
    <keyboard-shortcut first-keystroke="alt b" />
  </action>
  <action id="EditorSelectWord">
    <keyboard-shortcut first-keystroke="ctrl alt w" />
  </action>
  <action id="EditorStartNewLine">
    <keyboard-shortcut first-keystroke="shift enter" />
    <keyboard-shortcut first-keystroke="ctrl j" />
  </action>
  <action id="EditorTextStart">
    <keyboard-shortcut first-keystroke="ctrl home" />
    <keyboard-shortcut first-keystroke="shift alt comma" />
  </action>
  <action id="EditorToggleColumnMode">
    <keyboard-shortcut first-keystroke="shift alt insert" />
    <keyboard-shortcut first-keystroke="ctrl x" second-keystroke="r" />
  </action>
  <action id="ExtractMethod">
    <keyboard-shortcut first-keystroke="ctrl alt m" />
  </action>
  <action id="FindUsages">
    <keyboard-shortcut first-keystroke="alt f7" />
    <keyboard-shortcut first-keystroke="shift alt s" />
  </action>
  <action id="Forward" />
  <action id="Generate">
    <keyboard-shortcut first-keystroke="alt i" />
  </action>
  <action id="GotoClass">
    <keyboard-shortcut first-keystroke="alt n" />
  </action>
  <action id="GotoDeclaration">
    <keyboard-shortcut first-keystroke="alt period" />
  </action>
  <action id="GotoDefinition">
    <mouse-shortcut keystroke="control button2" />
  </action>
  <action id="GotoFile">
    <keyboard-shortcut first-keystroke="ctrl alt n" />
  </action>
  <action id="GotoImplementation">
    <keyboard-shortcut first-keystroke="ctrl alt period" />
  </action>
  <action id="GotoLine">
    <keyboard-shortcut first-keystroke="alt g" />
  </action>
  <action id="GotoSymbol">
    <keyboard-shortcut first-keystroke="shift ctrl alt n" />
  </action>
  <action id="GotoTest">
    <keyboard-shortcut first-keystroke="ctrl alt t" />
  </action>
  <action id="Grails.RunTarget" />
  <action id="Groovy.Doc.Generating" />
  <action id="GuiDesigner.Duplicate">
    <keyboard-shortcut first-keystroke="ctrl alt d" />
  </action>
  <action id="HippieBackwardCompletion" />
  <action id="HippieCompletion">
    <keyboard-shortcut first-keystroke="shift ctrl slash" />
  </action>
  <action id="Images.Editor.ActualSize">
    <keyboard-shortcut first-keystroke="ctrl divide" />
  </action>
  <action id="Inline">
    <keyboard-shortcut first-keystroke="ctrl alt n" />
    <keyboard-shortcut first-keystroke="ctrl alt i" />
  </action>
  <action id="InsertLiveTemplate" />
  <action id="IntroduceConstant">
    <keyboard-shortcut first-keystroke="ctrl alt c" />
  </action>
  <action id="IntroduceField">
    <keyboard-shortcut first-keystroke="ctrl alt f" />
  </action>
  <action id="IntroduceParameter">
    <keyboard-shortcut first-keystroke="ctrl alt p" />
  </action>
  <action id="IntroduceVariable">
    <keyboard-shortcut first-keystroke="ctrl alt v" />
  </action>
  <action id="JumpToLastChange">
    <keyboard-shortcut first-keystroke="ctrl alt back_space" />
  </action>
  <action id="Macro.Reformat And Rearrange">
    <keyboard-shortcut first-keystroke="ctrl alt o" />
  </action>
  <action id="NewElement">
    <keyboard-shortcut first-keystroke="alt insert" />
    <keyboard-shortcut first-keystroke="ctrl alt i" />
  </action>
  <action id="NextOccurence" />
  <action id="NextSplitter" />
  <action id="NextTab">
    <keyboard-shortcut first-keystroke="ctrl x" second-keystroke="o" />
  </action>
  <action id="OptimizeImports" />
  <action id="PasteMultiple">
    <keyboard-shortcut first-keystroke="shift ctrl v" />
    <keyboard-shortcut first-keystroke="shift ctrl insert" />
    <keyboard-shortcut first-keystroke="alt y" />
  </action>
  <action id="PrevSplitter" />
  <action id="PreviousOccurence" />
  <action id="PreviousTab">
    <keyboard-shortcut first-keystroke="ctrl x" second-keystroke="p" />
  </action>
  <action id="ProjectViewChangeView">
    <keyboard-shortcut first-keystroke="alt f1" />
  </action>
  <action id="RecentChanges">
    <keyboard-shortcut first-keystroke="shift alt c" />
  </action>
  <action id="RecentFiles">
    <keyboard-shortcut first-keystroke="ctrl x" second-keystroke="b" />
  </action>
  <action id="ReformatPlugin.OptimizeImports" />
  <action id="ReloadFromDisk">
    <keyboard-shortcut first-keystroke="alt u" />
  </action>
  <action id="Replace">
    <keyboard-shortcut first-keystroke="shift alt 5" />
  </action>
  <action id="RunClass">
    <keyboard-shortcut first-keystroke="ctrl x" second-keystroke="t" />
  </action>
  <action id="SafeDelete">
    <keyboard-shortcut first-keystroke="alt back_space" />
  </action>
  <action id="ShowFilePath">
    <keyboard-shortcut first-keystroke="ctrl alt f12" />
  </action>
  <action id="ShowIntentionActions">
    <keyboard-shortcut first-keystroke="alt enter" />
  </action>
  <action id="ShowProjectStructureSettings" />
  <action id="ShowSettings">
    <keyboard-shortcut first-keystroke="ctrl alt s" />
  </action>
  <action id="ShowUsages">
    <keyboard-shortcut first-keystroke="ctrl alt f7" />
  </action>
  <action id="SmartTypeCompletion" />
  <action id="SurroundWithLiveTemplate">
    <keyboard-shortcut first-keystroke="ctrl alt j" />
  </action>
  <action id="ToggleFullScreenMode">
    <keyboard-shortcut first-keystroke="ctrl alt f11" />
  </action>
  <action id="Uml.ShowHideMethods">
    <keyboard-shortcut first-keystroke="alt m" />
  </action>
  <action id="Vcs.ShowTabbedFileHistory">
    <keyboard-shortcut first-keystroke="ctrl c" second-keystroke="h" />
  </action>
  <action id="Vcs.UpdateProject">
    <keyboard-shortcut first-keystroke="ctrl c" second-keystroke="t" />
  </action>
</keymap>