<keymap version="1" name="lasitha" parent="$default">
  <action id="ActivateAntBuildToolWindow">
    <keyboard-shortcut first-keystroke="alt a" />
  </action>
  <action id="ActivateMavenProjectsToolWindow">
    <keyboard-shortcut first-keystroke="shift alt m" />
  </action>
  <action id="ActivateMavenprojectsToolWindow">
    <keyboard-shortcut first-keystroke="alt m" />
  </action>
  <action id="ActivateVersionControlToolWindow">
    <keyboard-shortcut first-keystroke="alt back_quote" />
  </action>
  <action id="AutoIndentLines" />
  <action id="Back">
    <keyboard-shortcut first-keystroke="ctrl alt left" />
    <keyboard-shortcut first-keystroke="ctrl alt h" />
  </action>
  <action id="CVS.CheckinProject">
    <keyboard-shortcut first-keystroke="ctrl k" />
  </action>
  <action id="CallHierarchy">
    <keyboard-shortcut first-keystroke="shift ctrl h" />
  </action>
  <action id="ChangesView.Rollback">
    <keyboard-shortcut first-keystroke="alt v" second-keystroke="r" />
  </action>
  <action id="CloseAllEditors">
    <keyboard-shortcut first-keystroke="ctrl alt f4" />
  </action>
  <action id="CloseAllEditorsButCurrent">
    <keyboard-shortcut first-keystroke="shift ctrl alt f4" />
  </action>
  <action id="CollapseAllRegions" />
  <action id="CollapseBlock">
    <keyboard-shortcut first-keystroke="shift ctrl subtract" />
  </action>
  <action id="CollapseSelection">
    <keyboard-shortcut first-keystroke="ctrl alt subtract" />
  </action>
  <action id="Compare.LastVersion">
    <keyboard-shortcut first-keystroke="ctrl l" />
  </action>
  <action id="ConvertToInstanceMethod">
    <keyboard-shortcut first-keystroke="ctrl alt n" />
  </action>
  <action id="Cvs.Annotate">
    <keyboard-shortcut first-keystroke="alt v" second-keystroke="n" />
  </action>
  <action id="Cvs.CompareWithLastVersion">
    <keyboard-shortcut first-keystroke="alt v" second-keystroke="l" />
  </action>
  <action id="EditSource">
    <keyboard-shortcut first-keystroke="f4" />
    <keyboard-shortcut first-keystroke="ctrl enter" />
  </action>
  <action id="EditorDeleteToWordEnd">
    <keyboard-shortcut first-keystroke="ctrl delete" />
    <keyboard-shortcut first-keystroke="alt slash" />
  </action>
  <action id="EditorDown">
    <keyboard-shortcut first-keystroke="down" />
    <keyboard-shortcut first-keystroke="alt j" />
  </action>
  <action id="EditorDownWithSelection">
    <keyboard-shortcut first-keystroke="shift down" />
    <keyboard-shortcut first-keystroke="shift alt j" />
  </action>
  <action id="EditorLeft">
    <keyboard-shortcut first-keystroke="left" />
    <keyboard-shortcut first-keystroke="alt h" />
  </action>
  <action id="EditorLeftWithSelection">
    <keyboard-shortcut first-keystroke="shift left" />
    <keyboard-shortcut first-keystroke="shift alt h" />
  </action>
  <action id="EditorLineEnd">
    <keyboard-shortcut first-keystroke="end" />
    <keyboard-shortcut first-keystroke="alt o" />
  </action>
  <action id="EditorLineStart">
    <keyboard-shortcut first-keystroke="home" />
    <keyboard-shortcut first-keystroke="alt i" />
  </action>
  <action id="EditorLineStartWithSelection">
    <keyboard-shortcut first-keystroke="shift home" />
    <keyboard-shortcut first-keystroke="shift alt i" />
  </action>
  <action id="EditorNextWord">
    <keyboard-shortcut first-keystroke="ctrl right" />
    <keyboard-shortcut first-keystroke="alt w" />
  </action>
  <action id="EditorNextWordWithSelection">
    <keyboard-shortcut first-keystroke="shift ctrl right" />
    <keyboard-shortcut first-keystroke="shift alt w" />
  </action>
  <action id="EditorPreviousWord">
    <keyboard-shortcut first-keystroke="ctrl left" />
    <keyboard-shortcut first-keystroke="alt b" />
  </action>
  <action id="EditorPreviousWordWithSelection">
    <keyboard-shortcut first-keystroke="shift ctrl left" />
    <keyboard-shortcut first-keystroke="shift alt b" />
  </action>
  <action id="EditorRight">
    <keyboard-shortcut first-keystroke="right" />
    <keyboard-shortcut first-keystroke="alt l" />
  </action>
  <action id="EditorRightWithSelection">
    <keyboard-shortcut first-keystroke="shift right" />
    <keyboard-shortcut first-keystroke="shift alt l" />
  </action>
  <action id="EditorSplitLine">
    <keyboard-shortcut first-keystroke="shift ctrl enter" />
  </action>
  <action id="EditorUp">
    <keyboard-shortcut first-keystroke="up" />
    <keyboard-shortcut first-keystroke="alt k" />
  </action>
  <action id="EditorUpWithSelection">
    <keyboard-shortcut first-keystroke="shift up" />
    <keyboard-shortcut first-keystroke="shift alt k" />
  </action>
  <action id="ExpandAllRegions" />
  <action id="ExportToTextFile" />
  <action id="FindNext">
    <keyboard-shortcut first-keystroke="f3" />
  </action>
  <action id="Forward">
    <keyboard-shortcut first-keystroke="ctrl alt right" />
    <keyboard-shortcut first-keystroke="ctrl alt l" />
  </action>
  <action id="Git.ResolveConflicts">
    <keyboard-shortcut first-keystroke="alt r" />
  </action>
  <action id="Git.Revert" />
  <action id="GotoDeclaration">
    <keyboard-shortcut first-keystroke="ctrl b" />
    <mouse-shortcut keystroke="control button1" />
  </action>
  <action id="GotoImplementation">
    <keyboard-shortcut first-keystroke="ctrl alt b" />
    <mouse-shortcut keystroke="control alt button1" />
    <keyboard-shortcut first-keystroke="ctrl alt enter" />
  </action>
  <action id="GotoNextBookmark">
    <keyboard-shortcut first-keystroke="shift ctrl down" />
  </action>
  <action id="GotoPreviousBookmark">
    <keyboard-shortcut first-keystroke="shift ctrl up" />
  </action>
  <action id="HippieCompletion">
    <keyboard-shortcut first-keystroke="shift space" />
  </action>
  <action id="Inline">
    <keyboard-shortcut first-keystroke="ctrl alt i" />
  </action>
  <action id="Macro.Clean Copy (Revert and Update)">
    <keyboard-shortcut first-keystroke="alt v" second-keystroke="c" />
  </action>
  <action id="Maven.Reimport">
    <keyboard-shortcut first-keystroke="shift ctrl alt m" />
  </action>
  <action id="Maven_privateloan-aggregate3b46ca41genesis-web17b8db8ftest-compile">
    <keyboard-shortcut first-keystroke="shift ctrl alt t" />
  </action>
  <action id="MembersPullUp">
    <keyboard-shortcut first-keystroke="ctrl alt u" />
  </action>
  <action id="MethodDuplicates">
    <keyboard-shortcut first-keystroke="ctrl alt d" />
  </action>
  <action id="MethodHierarchy">
    <keyboard-shortcut first-keystroke="shift ctrl m" />
  </action>
  <action id="MethodUp">
    <keyboard-shortcut first-keystroke="alt up" />
    <keyboard-shortcut first-keystroke="alt u" />
  </action>
  <action id="ModMod.AbstractMod" />
  <action id="ModMod.AccessMod">
    <keyboard-shortcut first-keystroke="ctrl period" />
  </action>
  <action id="ModMod.AccessModReverse">
    <keyboard-shortcut first-keystroke="shift ctrl period" />
  </action>
  <action id="ModMod.FinalMod" />
  <action id="ModMod.ReorderMods" />
  <action id="ModMod.StaticMod" />
  <action id="ModMod.StrictfpMod" />
  <action id="ModMod.SynchMod" />
  <action id="ModMod.TransientMod" />
  <action id="ModMod.VolatileMod" />
  <action id="OptimizeImports">
    <keyboard-shortcut first-keystroke="shift ctrl alt o" />
  </action>
  <action id="QuickImplementations" />
  <action id="Rearranger">
    <keyboard-shortcut first-keystroke="shift ctrl o" />
  </action>
  <action id="ReformatCode">
    <keyboard-shortcut first-keystroke="shift alt o" />
  </action>
  <action id="ReformatPlugin.OptimizeImports" />
  <action id="ReformatPlugin.ReformatCode" />
  <action id="ReformatPlugin.ReformatCodeAndOptimizeImports" />
  <action id="Reformatpp" />
  <action id="ReformatppReformat">
    <keyboard-shortcut first-keystroke="ctrl alt o" />
  </action>
  <action id="RestoreDefaultLayout" />
  <action id="RunClass">
    <keyboard-shortcut first-keystroke="ctrl alt r" />
  </action>
  <action id="RunGc">
    <keyboard-shortcut first-keystroke="ctrl alt g" />
  </action>
  <action id="SelectIn">
    <keyboard-shortcut first-keystroke="shift ctrl f1" />
  </action>
  <action id="ShowPopupMenu">
    <keyboard-shortcut first-keystroke="context_menu" />
  </action>
  <action id="ShowSettings">
    <keyboard-shortcut first-keystroke="alt p" />
  </action>
  <action id="SurroundWithLiveTemplate">
    <keyboard-shortcut first-keystroke="shift ctrl t" />
  </action>
  <action id="SwitchApply">
    <keyboard-shortcut first-keystroke="shift alt enter" />
  </action>
  <action id="SwitchDown">
    <keyboard-shortcut first-keystroke="shift alt down" />
  </action>
  <action id="SwitchLeft">
    <keyboard-shortcut first-keystroke="shift alt left" />
  </action>
  <action id="SwitchRight">
    <keyboard-shortcut first-keystroke="shift alt right" />
  </action>
  <action id="SwitchUp">
    <keyboard-shortcut first-keystroke="shift alt up" />
  </action>
  <action id="TestGestureAction" />
  <action id="Vcs.ShowHistoryForBlock">
    <keyboard-shortcut first-keystroke="alt v" second-keystroke="s" />
  </action>
  <action id="Vcs.ShowTabbedFileHistory">
    <keyboard-shortcut first-keystroke="alt v" second-keystroke="h" />
  </action>
  <action id="ViewSource">
    <keyboard-shortcut first-keystroke="alt space" />
  </action>
  <action id="createAnIssue" />
  <action id="rake task-db:migrate" />
</keymap>